кадр;время;тип;метка
0;0:00.00;segment;переход вступление: полный чёрный #08080A 1,2 с, затем проявление первой сцены за 1,0 с
72;0:01.20;segment;▶ 01 · Главный остров, FIGHT
132;0:02.20;action;FIGHT: рука наведена
172;0:02.87;action;FIGHT: нажатие
180;0:03.00;action;FIGHT: отпускание, старт пролёта
252;0:04.20;segment;▶ 02 · Ворота: выбор бойца
322;0:05.37;action;наведение на остров героя
362;0:06.03;action;выбор бойца
417;0:06.95;action;наведение на FIGHT
467;0:07.78;action;FIGHT: нажатие, подлёт в лицо кнопке
588;0:09.80;segment;▶ 03 · DUEL 1 на 1
750;0:12.50;fight;удар по врагу (−9.05 HP)
984;0:16.40;fight;удар по врагу (−3.56 HP)
1058;0:17.63;fight;удар по герою (−2.39 HP)
1087;0:18.12;fight;удар по врагу (−3.65 HP)
1157;0:19.28;fight;удар по герою (−2.33 HP)
1188;0:19.80;transition;T1: крен нарастает, уход в чёрный на пике
1242;0:20.70;segment;▶ T1 · титр
1254;0:20.90;title;титр T1: LEGEND TAKES COMMAND (щелчок масштаба)
1314;0:21.90;title;титр T1: срез в чёрный
1320;0:22.00;segment;▶ 05a · SQUAD 2 на 2, ведёт легенда
1320;0:22.00;transition;T1: проявление, крен раскручивается в ноль
1374;0:22.90;action;легенда над боем в кадре: тёмная фигура, золотое сердце
1488;0:24.80;fight;удар по врагу (−35.93 HP)
1488;0:24.80;legend;легенда: ELDER·PUSH → CINDER
1592;0:26.53;fight;удар по врагу (−8.04 HP)
1685;0:28.08;fight;удар по герою (−10.12 HP)
1685;0:28.08;legend;легенда: ELDER·HOLD → HAWK
1691;0:28.18;fight;удар по врагу (−8.35 HP)
1788;0:29.80;transition;T2: рывок камеры
1790;0:29.83;fight;удар по врагу (−2.52 HP)
1816;0:30.27;segment;▶ T2 · титр
1830;0:30.50;title;титр T2: TRAIN YOUR FIGHTERS (щелчок масштаба)
1890;0:31.50;title;титр T2: срез в чёрный
1896;0:31.60;segment;▶ 05b + 07 · Легенда над залом FORGE → груши
1896;0:31.60;transition;T2: вход в зал, рывок гаснет
1916;0:31.93;action;легенда над залом, бойцы под ней
2254;0:37.57;action;спуск к грушам: бойцы бьют груши
2396;0:39.93;transition;T3: отъезд назад и вверх, затемнение
2440;0:40.67;segment;▶ T3 · титр
2444;0:40.73;title;титр T3: BUILD YOUR SQUAD (щелчок масштаба)
2504;0:41.73;title;титр T3: срез в чёрный (тишина перед возвратом темы)
2528;0:42.13;segment;▶ 09–13 · Главный остров, пятеро стоят, жест
2528;0:42.13;transition;T3: проявление общего плана пятерых
2984;0:49.73;gesture;жест «рука-стрела»: все пятеро начинают в один кадр (на доле)
3008;0:50.13;gesture;жест: все пятеро в позе в один кадр
3040;0:50.67;bam;BAM, шаг 1: кадр стягивается к центру (8 кадров)
3048;0:50.80;segment;▶ 14–15 · BAM → логотип
3054;0:50.90;bam;BAM, шаг 2: связка с ≈5 % к ≈108 %
3060;0:51.00;bam;BAM, шаг 3: толчок кадра (3 кадра), связка оседает на 100 %
3063;0:51.05;action;логотип: держится до конца
