секунда;новых кадров веб-30;новых кадров мастер-60;белый список (вступление, титры T1–T3, логотип)
0;1;1;да
1;23;47;да
2;30;60;
3;30;60;
4;30;60;
5;30;60;
6;30;60;
7;30;60;
8;30;60;
9;30;60;
10;30;60;
11;30;60;
12;30;60;
13;30;60;
14;30;60;
15;30;60;
16;30;60;
17;30;60;
18;30;60;
19;30;60;
20;25;48;да
21;17;31;да
22;30;60;
23;30;60;
24;30;60;
25;30;60;
26;30;60;
27;30;60;
28;30;60;
29;30;60;
30;22;26;да
31;20;28;да
32;30;60;
33;30;60;
34;30;60;
35;30;60;
36;30;60;
37;30;60;
38;30;60;
39;30;60;
40;28;54;да
41;13;23;да
42;26;52;да
43;30;60;
44;30;60;
45;30;60;
46;30;60;
47;30;60;
48;30;60;
49;30;60;
50;28;55;да
51;19;37;да
52;15;30;да
53;15;30;да
54;15;30;да
55;15;17;да
