№;время в треке, с;время в ролике, с;кадр ролика (60/с);сила;кусок
1;25.263;0.553;33;2.5;сплошной
2;25.879;1.169;70;0.8;сплошной
3;26.459;1.749;105;0.9;сплошной
4;27.040;2.330;140;3.9;сплошной
5;27.655;2.945;177;1.7;сплошной
6;28.259;3.549;213;1.6;сплошной
7;28.851;4.141;248;3.3;сплошной
8;29.431;4.721;283;1.1;сплошной
9;30.058;5.348;321;1;сплошной
10;30.639;5.929;356;0.7;сплошной
11;31.266;6.556;393;1.6;сплошной
12;31.846;7.136;428;2.1;сплошной
13;32.473;7.763;466;1.5;сплошной
14;33.077;8.367;502;1;сплошной
15;33.669;8.959;538;3.2;сплошной
16;34.249;9.539;572;1.7;сплошной
17;34.865;10.155;609;1.5;сплошной
18;35.457;10.747;645;0.6;сплошной
19;36.061;11.351;681;1;сплошной
20;36.641;11.931;716;3.3;сплошной
21;37.245;12.535;752;2;сплошной
22;37.860;13.150;789;1;сплошной
23;38.464;13.754;825;2.7;сплошной
24;39.068;14.358;861;0.4;сплошной
25;39.683;14.973;898;0.5;сплошной
26;40.275;15.565;934;0.6;сплошной
27;40.844;16.134;968;4.4;сплошной
28;41.482;16.772;1006;1;сплошной
29;42.144;17.434;1046;0.7;сплошной
30;42.760;18.050;1083;0.8;сплошной
31;43.363;18.653;1119;0.9;сплошной
32;43.932;19.222;1153;0.6;сплошной
33;44.524;19.814;1189;0.6;сплошной
34;45.116;20.406;1224;0.5;сплошной
35;45.720;21.010;1261;1.7;сплошной
36;46.370;21.660;1300;1.1;сплошной
37;46.928;22.218;1333;0.5;сплошной
38;47.508;22.798;1368;0.6;сплошной
39;48.065;23.355;1401;0.7;сплошной
40;48.657;23.947;1437;0.7;сплошной
41;49.215;24.505;1470;1.4;сплошной
42;49.842;25.132;1508;0.7;сплошной
43;50.457;25.747;1545;3.5;сплошной
44;51.061;26.351;1581;2.3;сплошной
45;51.688;26.978;1619;1;сплошной
46;52.280;27.570;1654;3.8;сплошной
47;52.872;28.162;1690;2.5;сплошной
48;53.464;28.754;1725;2.5;сплошной
49;54.068;29.358;1761;1.1;сплошной
50;54.648;29.938;1796;2.2;сплошной
51;55.263;30.553;1833;1.8;сплошной
52;55.867;31.157;1869;3.6;сплошной
53;56.448;31.738;1904;3.8;сплошной
54;57.063;32.353;1941;4;сплошной
55;57.667;32.957;1977;3.6;сплошной
56;58.259;33.549;2013;5.6;сплошной
57;58.851;34.141;2048;3.6;сплошной
58;59.455;34.745;2085;5.9;сплошной
59;60.012;35.302;2118;1;сплошной
60;60.662;35.952;2157;1.9;сплошной
61;61.254;36.544;2193;2.1;сплошной
62;61.835;37.125;2228;2.5;сплошной
63;62.450;37.740;2264;3.1;сплошной
64;63.065;38.355;2301;3.8;сплошной
65;63.658;38.948;2337;2.2;сплошной
66;64.261;39.551;2373;6;сплошной
67;64.853;40.143;2409;1.3;сплошной
68;65.457;40.747;2445;3.4;сплошной
69;66.049;41.339;2480;2.9;сплошной
70;66.664;41.954;2517;4.3;сплошной
71;67.199;42.489;2549;2;сплошной
72;67.860;43.150;2589;4.4;сплошной
73;68.464;43.754;2625;1.3;сплошной
74;68.952;44.242;2655;3.2;сплошной
75;69.544;44.834;2690;2.3;сплошной
76;70.264;45.554;2733;6.1;сплошной
77;70.867;46.157;2769;3.7;сплошной
78;71.471;46.761;2806;3.6;сплошной
79;72.075;47.365;2842;1.6;сплошной
80;72.667;47.957;2877;6.4;сплошной
81;73.282;48.572;2914;1.8;сплошной
82;73.863;49.153;2949;11.4;сплошной
83;74.443;49.733;2984;4.5;сплошной
84;75.070;50.360;3022;1.6;сплошной
85;75.651;50.941;3056;2.2;сплошной
86;76.173;51.463;3088;3.1;сплошной
87;76.858;52.148;3129;2.8;сплошной
88;77.462;52.752;3165;2.9;сплошной
89;78.054;53.344;3201;2.3;сплошной
90;78.646;53.936;3236;2;сплошной
91;79.261;54.551;3273;2.2;сплошной
