кадр;время;тип;метка;ближайшая доля, с (ролик);сдвиг, мс (метка − доля);время доли в треке, с
0;0:00.00;segment;▶ 01 · Главный остров, FIGHT;0.553;-553;25.263
60;0:01.00;action;FIGHT: рука наведена;1.169;-169;25.879
100;0:01.67;action;FIGHT: нажатие;1.749;-82;26.459
108;0:01.80;action;FIGHT: отпускание, старт пролёта;1.749;51;26.459
180;0:03.00;segment;▶ 02 · Ворота: выбор бойца;2.945;55;27.655
250;0:04.17;action;наведение на остров героя;4.141;26;28.851
290;0:04.83;action;выбор бойца;4.721;112;29.431
345;0:05.75;action;наведение на FIGHT;5.929;-179;30.639
395;0:06.58;action;FIGHT: нажатие, подлёт в лицо кнопке;6.556;27;31.266
516;0:08.60;segment;▶ 03 · DUEL 1 на 1;8.367;233;33.077
678;0:11.30;fight;удар по врагу (−9.05 HP);11.351;-51;36.061
912;0:15.20;fight;удар по врагу (−3.56 HP);14.973;227;39.683
986;0:16.43;fight;удар по герою (−2.39 HP);16.134;299;40.844
1015;0:16.92;fight;удар по врагу (−3.65 HP);16.772;145;41.482
1085;0:18.08;fight;удар по герою (−2.33 HP);18.050;33;42.760
1116;0:18.60;transition;T1: крен нарастает, уход в чёрный на пике;18.653;-53;43.363
1170;0:19.50;segment;▶ T1 · титр;19.222;278;43.932
1182;0:19.70;title;титр T1: LEGEND TAKES COMMAND (щелчок масштаба);19.814;-114;44.524
1242;0:20.70;title;титр T1: срез в чёрный;20.406;294;45.116
1248;0:20.80;segment;▶ 05a · SQUAD 2 на 2, ведёт легенда;21.010;-210;45.720
1248;0:20.80;transition;T1: проявление, крен раскручивается в ноль;21.010;-210;45.720
1302;0:21.70;action;легенда над боем в кадре: тёмная фигура, золотое сердце;21.660;40;46.370
1416;0:23.60;fight;удар по врагу (−35.93 HP);23.355;245;48.065
1416;0:23.60;legend;легенда: ELDER·PUSH → CINDER;23.355;245;48.065
1520;0:25.33;fight;удар по врагу (−8.04 HP);25.132;201;49.842
1613;0:26.88;fight;удар по герою (−10.12 HP);26.978;-95;51.688
1613;0:26.88;legend;легенда: ELDER·HOLD → HAWK;26.978;-95;51.688
1619;0:26.98;fight;удар по врагу (−8.35 HP);26.978;5;51.688
1716;0:28.60;transition;T2: рывок камеры;28.754;-154;53.464
1718;0:28.63;fight;удар по врагу (−2.52 HP);28.754;-121;53.464
1744;0:29.07;segment;▶ T2 · титр;29.358;-291;54.068
1758;0:29.30;title;титр T2: TRAIN YOUR FIGHTERS (щелчок масштаба);29.358;-58;54.068
1818;0:30.30;title;титр T2: срез в чёрный;30.553;-253;55.263
1824;0:30.40;segment;▶ 05b + 07 · Легенда над залом FORGE → груши;30.553;-153;55.263
1824;0:30.40;transition;T2: вход в зал, рывок гаснет;30.553;-153;55.263
1844;0:30.73;action;легенда над залом, бойцы под ней;30.553;180;55.263
2182;0:36.37;action;спуск к грушам: бойцы бьют груши;36.544;-177;61.254
2324;0:38.73;transition;T3: отъезд назад и вверх, затемнение;38.948;-215;63.658
2368;0:39.47;segment;▶ T3 · титр;39.551;-84;64.261
2372;0:39.53;title;титр T3: BUILD YOUR SQUAD (щелчок масштаба);39.551;-18;64.261
2432;0:40.53;title;титр T3: срез в чёрный (тишина перед возвратом темы);40.747;-214;65.457
2456;0:40.93;segment;▶ 09–13 · Главный остров, пятеро стоят, жест;40.747;186;65.457
2456;0:40.93;transition;T3: проявление общего плана пятерых;40.747;186;65.457
2912;0:48.53;gesture;жест «рука-стрела»: все пятеро начинают в один кадр (на доле);48.572;-39;73.282
2936;0:48.93;gesture;жест: все пятеро в позе в один кадр;49.153;-220;73.863
2968;0:49.47;bam;BAM, шаг 1: кадр стягивается к центру (8 кадров);49.733;-266;74.443
2976;0:49.60;segment;▶ 14–15 · BAM → логотип;49.733;-133;74.443
2982;0:49.70;bam;BAM, шаг 2: связка с ≈5 % к ≈108 %;49.733;-33;74.443
2988;0:49.80;bam;BAM, шаг 3: толчок кадра (3 кадра), связка оседает на 100 %;49.733;67;74.443
2991;0:49.85;action;логотип: держится до конца;49.733;117;74.443
