секунда;новых кадров веб-30;новых кадров мастер-60;белый список (титры T1–T3, логотип)
0;30;60;
1;30;60;
2;30;60;
3;30;60;
4;30;60;
5;30;60;
6;30;60;
7;30;60;
8;30;60;
9;30;60;
10;30;60;
11;30;60;
12;30;60;
13;30;60;
14;30;60;
15;30;60;
16;30;60;
17;30;60;
18;30;60;
19;25;44;да
20;17;35;да
21;30;60;
22;30;60;
23;30;60;
24;30;60;
25;30;60;
26;30;60;
27;30;60;
28;30;60;
29;18;14;да
30;24;40;да
31;30;60;
32;30;60;
33;30;60;
34;30;60;
35;30;60;
36;30;60;
37;30;60;
38;30;60;
39;26;48;да
40;11;21;да
41;30;60;
42;30;60;
43;30;60;
44;30;60;
45;30;60;
46;30;60;
47;30;60;
48;30;60;
49;28;50;да
50;2;0;да
51;0;0;да
52;0;0;да
53;0;4;да
54;5;11;да
